Number of Images,algorithm_1,algorithm_2,algorithm_3,algorithm_4
1,0.76,0.751,20.32542518135666,12.468272658882865
2,0.0,20.79325805824614,10.956478714422442,0.0
3,0.76,1.502,2.0,2.0
4,2.2800000000000002,9.093205772128705,17.507796714421666,12.404684196618454
5,1.52,21.27475350051471,1.0,7.049764770528991
6,0.0,1.502,0.0,3.445281064281703
7,7.1038057208107706,1.502,0.0,17.30582665981074
8,0.0,2.253,2.0,2.53266291542816
9,1.52,16.366607250889437,17.87200863951837,5.928704190977396
10,28.518508962479835,10.107024893260935,4.0,10.261152886970486
11,0.76,0.751,2.0,2.0
12,0.76,18.459462853867297,8.85115674390328,3.0
13,8.83747844838553,13.87769676480044,22.007106052321724,5.869841537953972
14,39.36912956907562,0.0,23.150889139700535,4.0
15,0.0,1.502,15.713199465624939,7.0
16,16.398319609392534,21.286159181465226,22.86717776274571,1.0
17,11.022856197823371,7.090087138780641,35.55070554042656,6.4009308143023835
18,11.29231833034787,3.091614486587328,2.0,0.0
19,21.700711050096903,34.509988620158346,1.0,3.0
20,8.471621849848534,26.950478500601275,0.0,10.400476961572586
21,2.1836613147007027,18.542224998485224,17.051148710283684,13.290979774046091
22,1.52,2.253,22.890471403359992,1.0
23,25.373162163030166,2.253,10.070765872567058,11.843309911738373
24,4.014711714953972,3.004,0.0,1.0
25,1.52,3.755,37.085035138256075,3.0
26,23.07553386900097,3.755,9.112524217015382,4.0
27,48.528071132654375,43.908106973974846,3.0,1.0
28,28.805030314426578,2.253,1.0,33.630141111863004
29,26.226578894360642,2.20993870389691,26.723558446318403,9.526608274013418
30,13.786917052271523,37.9732669049668,34.426508720510476,29.54849504022176
31,33.83885574383811,20.773276800142483,20.13306873760602,1.0
32,39.880275804677886,18.434017882889798,1.0,13.1372817392866
33,52.292364326470945,25.703715756580415,21.038948058846877,14.259948386225355
34,18.048088472507395,25.171722033270253,22.556661913809815,22.316670414956747
35,21.0882591556567,33.840298590217266,1.0,15.40089322142366
36,29.80198313763575,20.043164245055888,7.266039405044879,15.229441296833787
37,26.723462467789595,8.601082250253643,34.36788949888298,10.700079750757856
38,32.258313059218395,4.506,65.37208672702297,12.286053638466434
39,28.037289263893975,44.52497482040438,21.860687316218446,0.0
40,53.914607733486484,0.751,2.0,2.772851624097684
41,24.864958735123142,1.502,17.257715246227455,8.0
42,42.260484056564046,21.98874108765596,3.0,6.648073115323445
43,43.078496078109126,75.9472901157585,33.60632531228632,25.020582568309433
44,2.2800000000000002,20.812552615466597,18.20306125956525,16.973730948054786
45,21.995604089638874,1.502,32.129543964496435,16.586691631426497
46,32.47931197148213,28.33728824481681,15.389765750698661,1.0
47,47.3178767481675,4.4242583927053385,12.38899800713679,18.214102330808075
48,14.738662226382642,1.502,0.5376368547390848,5.0
49,24.256570403698085,23.242484500058666,17.89846539773397,3.0
50,18.787229568743566,58.696069847709246,30.78884257226962,8.557135878203155
51,51.53285546751299,25.243800044010335,29.01805967126752,21.399496067446552
52,40.658080965236906,11.710102412563685,33.880669484693385,40.130902511404265
53,44.0705424240039,34.894997048032174,19.36359429755267,10.01795242949572
54,45.827364277649714,0.0,26.267557806931013,36.38531297794431
55,30.70852527303952,3.004,7.255135993190415,29.6498091396717
56,25.91391182362612,32.643034173557865,49.33287835670791,15.46465461329981
57,35.28456085245506,8.009406809504735,12.146348182238455,21.18715855612187
58,58.04036365616678,21.49190901567491,38.56000944979129,24.307304092017098
59,11.48189596299954,0.751,38.640846165949064,4.0
60,39.071607854915456,67.60810361009932,38.81275557929013,15.01035379569369
61,78.63368445236759,28.133345564674787,33.797453541707696,13.418044909443838
62,38.23555177724757,0.0,20.413962799486026,3.0
63,38.629031721768875,1.502,25.921589965031615,9.324941683395313
64,28.354467267190515,3.755,0.0,17.17177125388902
65,61.39012321082018,23.455061971589924,20.82596658861238,17.34470442037371
66,32.57049375790362,1.502,27.37527833402116,3.4802460713783834
67,45.60509638213928,0.0,30.33262529751198,6.077883564328404
68,34.17157960949228,13.473370469827046,15.071979029180243,35.23886507740626
69,60.4383954114973,42.42107056744615,9.651519181328705,28.658644632097587
70,41.05434815969573,2.969906959195362,8.814305825230491,25.124357587589195
71,49.86883380385849,1.502,36.71266146527842,18.502138355990184
72,55.72650896266384,16.516453207091118,15.602739964057475,21.884865441238468
73,39.72226960789883,10.441297173645214,3.518461364222194,22.238889635701796
74,33.72497863137731,3.1336293944968037,29.579229720032917,19.811840706075635
75,81.00791333886956,13.871187338452799,13.078210373042216,18.116974126939756
76,40.54549127164153,26.32936614307551,11.492090106638042,47.637849701976506
77,34.90561483389438,1.502,4.079350458120507,33.100707529656674
78,51.67412509419383,78.44360984922362,22.493231135137894,13.706381878273186
79,40.90818768873902,5.0473559138688655,3.0,17.31928531393678
80,56.34224499364583,17.30809218523563,40.912188717633924,20.094196554260137
81,46.369594334034225,2.253,29.17407758931724,12.391698833822836
82,50.44080864583198,0.8477111205149773,14.453385783826533,21.991958120273207
83,37.8627904230572,34.61222859489644,27.93148559974364,28.031931226415697
84,32.00081879151596,24.396690047931912,20.658828290664623,16.36110439851685
85,27.650974040833713,9.81955604717004,14.5938250705617,42.824214843372744
86,59.438979028830005,2.739666424781253,20.792289496066502,28.72323279418379
87,68.93351286325397,35.49587166426955,44.398999531318985,39.31245437548229
88,45.287952778488005,30.096104888280717,4.8742930756421705,53.83509683766117
89,51.210477623242305,12.625144468477584,47.796823462354205,11.029030045429408
90,48.105471902119966,40.684981966748836,41.57059035199585,34.051663230401104
91,77.50803883371967,42.755553636844446,15.87780687293318,25.448111326621067
92,66.28745943448507,24.93351829937481,44.13243249817102,15.53711592970555
93,54.299875641157016,61.63175707178637,5.785715212276227,29.427302266550164
94,38.000246974211116,52.2463196733322,40.9048629368203,47.37858853557702
95,54.121764196939914,23.04286038969832,33.81644109852256,44.34072834708862
96,64.14396470750232,15.15817615246549,10.371357958660571,31.78678435694093
97,74.15100647670805,30.26431839372636,27.30030329623492,14.121474438241027
98,64.4552988651503,86.76336752486758,48.77232893849628,23.359544459394904
99,84.75370543684349,52.448037794037056,26.171535596790502,19.07409927743915
100,62.40363663457281,40.80205326545507,43.10625911620397,32.58990668038035
101,87.83064008124408,66.54207782933682,31.384066074474404,36.11000814419706
102,73.87270683078465,50.635672664934845,46.025270306444156,33.05046961135172
103,71.62762638333989,29.85999781788884,34.81069466885545,25.5586018827852
104,61.763093452423796,35.356627645621245,57.36155561904551,44.2851106013717
105,71.56823374546236,47.4805268285078,26.381088863438315,29.306392947708584
106,89.43001916111086,3.115448906812373,54.10323438669255,49.0649246420724
107,68.59611736668585,87.17883190334081,23.827264015648797,35.437038043792825
108,86.52606601066552,44.35115193924234,33.525110343924524,45.131954712903855
109,111.81902056387301,58.807897304113155,16.71724287720885,33.513454809732224
110,72.51131276204825,3.755,57.409374150598744,45.17572018625175
111,94.03435956206734,42.765656618932205,63.6984674843615,43.52904148339616
112,89.61872875263148,86.97555622798947,47.28026174114034,26.61685340230953
113,73.9678902272634,14.943203855183752,42.980264328031794,48.27207420518263
114,81.9656240129385,59.54433158009179,25.59940406781004,47.57521219146279
115,75.61499558915442,49.938711021462986,35.32865229256337,74.59080022978164
116,70.07703357931571,55.437506367678004,54.89093660234818,52.98000835448281
117,83.82583608374479,49.78853361558657,69.06806187502147,56.77031142335815
118,76.23052838864436,54.158165184303776,38.39645059105582,60.8136084815349
119,87.82715083210418,80.44276977354058,71.7442746019021,63.75162877612244
120,77.26136931500153,50.834091103440585,53.93634330701644,28.215625270783626
121,66.52141054493414,99.05975600139482,62.36295443140965,56.4464346351646
122,104.59189592482733,59.15954080225884,58.943873870695505,52.004461087761605
123,98.90563269675512,50.29737812084962,75.49646239966968,51.765001710910326
124,103.61832958396452,53.19590794772758,65.62177197491658,46.145233714045695
125,80.6964831821171,71.45001192862127,74.30447878831205,62.06447167164365
126,101.62016702037673,42.82614776031448,69.35525202909614,56.498389003694456
127,118.36132819121205,34.424917414369695,65.8916444880785,77.8267509615925
128,102.45654238350106,26.49265615444332,78.91051877636548,76.66412899043226
129,92.67242614152636,69.84343861741273,118.9957108496528,50.66271170539312
130,91.55981327663193,79.14603290330919,86.95913989523304,79.29383726559055
131,115.49307860899576,53.654253302341004,62.01320352159401,53.622877592263805
132,116.59258385616546,56.089665325428115,46.5793951835588,59.95319276586633
133,107.54253610822653,8.640965566616643,64.42071512143599,52.70309759991786
134,76.96533891036995,49.480065782152536,82.45534510240336,62.64790508302181
135,99.06136314414806,76.82769387235113,67.9960487578303,38.93674012750364
136,80.36438227328324,4.009541175863086,98.67208697841889,68.57842014019518
137,104.10350479964785,42.756839139787026,93.57106437797614,79.26731012632474
138,109.55826457266946,69.57531854266162,84.1378024746541,62.308743681316926
139,126.01420755690035,18.704315001027783,86.88994838058555,76.6929199090179
140,106.95098930845333,39.49459436499821,78.30945928666357,50.122086977783034
141,127.27765772096872,20.65756781670538,67.54152681521963,57.160393946930505
142,97.25906499672237,82.31380530894248,56.90258279341733,56.91296549941523
143,97.2872698359029,77.01530076422497,124.62299926514665,78.7749603627237
144,122.48247237611555,82.63294853394382,83.54875877692803,69.53088369726619
145,119.35940414957605,42.21509962986191,119.3768575150766,76.61531823371845
146,121.24307358821025,85.49925370748001,97.86483104652169,73.14895413935244
147,132.5942266536955,6.02299288517226,92.78103079244582,88.53380557720041
148,136.69346168136397,40.535465314673054,115.3660128433854,66.67519362722516
149,115.67225908540999,56.45027680313073,67.84496599743974,95.99655774244073
150,124.25663553955461,46.5110837767247,81.82771808713856,87.30531513271525
151,116.20594029710152,66.83414523251852,82.24551581395156,64.43095643878979
152,135.1212064157739,137.5949849784148,88.80361011303896,80.78104863744238
153,155.0569270996717,81.70745249692098,138.44328541981062,78.15187206980373
154,106.27848283525188,89.3914439787655,81.97268842283654,61.34615244414777
155,134.8029354590758,75.8253978871768,116.12313219921063,88.45184103463502
156,114.76933778484137,72.99161822206631,101.42054796185771,58.53299801463443
157,105.65382221708808,74.17322262046108,98.29737684814229,78.8158774837
158,126.46151873327837,91.00672453222546,121.70772909127507,68.83455607923896
159,116.93124369903782,52.281874481811684,93.0710620451821,96.70713223458549
160,129.48727238791693,58.74809827221075,128.95557142649778,88.54126005112752
161,127.01097896047726,82.65787681451847,96.28449463651577,90.11407632276698
162,139.51123837543372,38.851453672319735,93.67378335150826,91.35304197043484
163,151.9750393983358,95.15776415344897,131.74482568774113,85.56042094209491
164,158.58621967825016,75.3371365337704,102.9902615541164,73.83457634390038
165,154.5333357019872,52.413698439756104,136.56018802800762,89.41931321934351
166,152.46574624603886,69.24709933952691,125.3214005885814,87.07331946658218
167,124.92196544163701,88.02830706048994,127.18097342560363,85.94730882278851
168,126.3411018802004,79.92803486571135,104.98388397885394,90.5667891444114
169,130.7512155971977,66.89400934556748,121.09345069947005,90.12334636093661
170,124.24333740683902,91.3934787746257,126.0837032894516,84.7531839948594
171,129.2930174767009,70.89594520620122,122.600952708417,82.09142086015655
172,122.59160462311169,63.13951047267193,112.3985737651712,89.85680279201847
173,110.40492774119227,78.3873775233867,133.94205149038223,92.54658442183754
174,132.05374956594633,56.17294302918876,143.23753164386775,95.45953062577405
175,121.7702875460652,76.94349998524305,135.40616453769476,113.89359736075369
176,171.95962950044284,78.59407502149234,131.3952302120273,104.94228780305221
177,124.41253082472119,87.4682751358297,96.52468397125823,108.94287461306098
178,149.0027036564102,92.38241647980419,140.25984438394966,93.77904767101771
179,139.1533791000124,47.78762932860704,153.55484417449156,110.54300596500605
180,159.72414760699257,75.50608626834475,157.45886860590736,111.13285189045271
181,130.50719818741663,75.14740649391388,134.55089195190124,105.04886958580117
182,164.55334021316656,96.75754484141962,131.129699522059,126.16420341035472
183,169.1501006663687,69.81521606401002,138.7906661824407,110.07035172457275
184,159.94394943139596,82.94090439091784,130.92886521277043,122.87226664935348
185,138.18983540267212,51.40606088652789,167.6308722436152,116.85313993613434
186,151.62039330435655,72.796691961933,129.13689742327065,96.85655309705481
187,162.21641808667096,65.65093883591115,120.50359151588393,126.80241640128042
188,137.78822350641605,49.80479129043411,119.33300361414545,102.99098656856805
189,160.0099848447652,115.57853269679266,142.1462928055425,93.58935796651585
190,156.15696356586304,30.60939320646437,149.149604319115,120.47914558819302
191,122.42913917406779,64.01143336960322,122.2110657010504,120.33752994660848
192,177.82620407544272,68.31099832080463,144.98410962166275,136.9865090896993
193,146.6323124619992,76.6229979087207,133.70884045868314,112.44993239831648
194,147.08919394909,75.08501276733983,164.01435777850122,133.7695790744987
195,153.75955800405112,55.4621038671928,181.02122810191182,115.41384281072297
196,176.5662154264338,122.56577537221936,122.7264796905531,123.00342290925082
197,148.52187462250726,76.98395308150582,188.9595542274053,105.53580484077861
198,154.04046871624584,42.31739137757012,164.02091451543282,112.80848467297879
199,154.61982153821558,124.1014288721026,158.00850655463873,113.51115735693419
200,144.75118192355734,101.16368940316451,164.9503882861744,110.85724824228787
201,146.3097713504136,53.4034136918477,124.0474114306638,127.44916098577963
202,163.6853358685868,71.27722162391557,155.12066873947552,136.07978469335134
203,162.86156192877922,42.969758033378774,131.15084843701877,134.56245141893385
204,159.75390448350325,48.27591866877927,174.46792739091748,125.66537415911878
205,176.5631936865103,98.4808711611068,174.18869396600408,113.90297572339811
206,189.52606590818755,82.40030207137522,157.2491900137753,131.07434072294646
207,174.18218057396427,62.39461989837891,203.10212644530355,114.72275680478822
208,165.07088538340764,74.13614820528873,157.53818043802502,162.34048329272687
209,173.6871844502073,73.72669749979529,195.4822687151302,124.16062157310259
210,163.00344149418092,57.12464155285549,213.23810003541672,123.01186936752974
211,184.88576469662075,112.66356313351862,195.93713465705406,122.10052909357394
212,155.45800884671468,60.161441868050446,165.86520646186952,142.73582861128313
213,181.68294941951982,61.9716874451202,187.1130887167281,136.70332415217442
214,186.83015916479437,83.50026626036971,203.79585997364512,111.34090230996571
215,169.78034388733766,98.42463900869622,159.1986809362775,133.75781886396766
216,184.44410640970585,111.998190192058,142.60178340660838,155.25145288576007
217,201.85206010485084,68.73440076863709,156.95488388181946,147.74851064435506
218,171.10979319274122,62.8324382001181,176.01280697394512,141.91089938452507
219,161.2690743185822,81.23474481535486,202.76499952030693,164.87520384491808
220,163.1494748730822,95.02065633641301,200.341406567997,135.24151773837255
221,147.13761652870645,87.90914587394327,193.66714135291147,159.04177562597297
222,178.06607168117242,92.68608199495345,220.83945717431433,141.83703413911834
223,168.83698935280233,34.703419822924445,188.31436594899296,169.82479370739657
224,187.04280778545296,80.92576434924037,210.99110041620375,152.70620340495503
225,153.01068790416466,122.71334977234099,216.37548873021817,165.16958103773896
226,166.99612487254691,95.82176362644594,173.7932730978027,150.06258361219525
227,196.01126804229867,114.2955662115708,210.21313866152977,155.81602008243
228,174.80767778406636,74.05031276564065,219.30430852203293,164.0295813845514
229,212.279161132951,114.26708967014109,216.23176072147766,152.4188400928048
230,203.7478537415546,73.24269567600405,190.59284146628193,163.717579705066
231,179.48977990906042,97.22859476268611,198.07435200851785,164.47968569699086
232,200.19485051295976,100.23212102314419,224.53729467102463,167.68832248077553
233,200.31378375222062,117.46708931093012,199.8770993385546,169.6065984188409
234,185.7584229954144,18.039235950702118,206.42584702039323,171.8563726107605
235,200.15805350166193,52.08946543292139,187.14726258972212,162.63228756969568
236,192.83340990442804,83.51756256326952,246.1105951822908,179.286125065928
237,178.64003209118795,101.39257371348465,214.98550950101824,180.605683698033
238,175.29492360634438,80.39316709488553,213.06866864098683,162.2457372953162
239,205.57628683566247,85.18102467384136,197.38945609837936,168.98855230774936
240,198.2099108144457,93.5980364177074,219.12059221119947,190.78322189242388
241,216.40457190458457,100.30158195908236,263.2681239664225,178.81322333333725
242,225.16918323469466,113.48256413640426,232.28054415716207,181.84063986185618
243,208.44089051850915,96.87257653671354,244.9582597663951,172.54264254906064
244,195.19438974246106,93.21939311714674,215.21695466385893,186.28578516017419
245,201.84547327878965,79.8385862847264,235.8166432411383,205.77274589070967
246,208.96368201745324,91.97297496413593,241.15063938721642,176.14371636745227
247,246.3230559249885,110.99053955735062,239.2222418548697,200.28708561030192
248,196.7257198840889,117.29078218728307,239.46478378832498,187.68451237195123
249,200.6477642576797,145.15530430162343,229.17518847589463,180.88571179011657
250,225.11144402767954,67.9179200274816,242.4774987051575,200.67503171785063
251,234.5120550014724,90.65461601885487,274.0983128481257,187.26550495620475
252,222.60248913351262,111.17883086369258,267.6941829228823,194.84906777605386
253,207.05457498225442,96.61889733258359,241.947579194769,192.9189499396442
254,210.04114192254434,148.9411153319713,260.032187495311,194.98389198884044
255,207.23032982817773,112.19243049756606,247.51898917606235,209.46029962392686
256,210.90320414386417,131.81647595663648,240.8800692059463,197.82940494115738
257,242.35244312063162,127.5558563680368,312.54160707539546,207.55301643017458
258,216.73657017866697,113.78578485241547,276.7890850773144,210.58726710180298
259,205.50078240476833,161.05708652450895,301.740350251162,225.993022295289
260,234.3767441134581,131.55192778568266,271.33498677975365,224.6653890123449
261,213.5108371494396,107.77428475862598,263.62488363357886,200.29182499791975
262,245.94651787415572,102.22569030542682,271.5980683416582,204.46923981902174
263,251.49312077328182,126.76479712633339,278.79655664252596,215.87249402747656
264,236.05986352662654,101.32406121600607,275.4593170166348,205.96403701598996
265,235.18979428195067,100.54912243447313,284.86293508776834,212.03908600876457
266,236.27696612726265,132.40501216985894,272.36965957846957,221.6431507193665
267,221.49288601122853,117.1946174901953,291.999368525366,214.7163327288141
268,218.97231095088694,125.78991112441093,299.6960693993559,228.64303219716467
269,243.61243764837621,87.75506610986707,309.41278878222835,216.1207027278099
270,249.5605247930038,57.757287257212745,298.2277841805915,215.02369839189123
271,240.7307574226397,113.7077504362075,290.6302347046296,222.10954908878702
272,227.58399426563466,95.50245585414751,291.54251095097095,236.63041091550463
273,228.09755742020536,104.39364469976123,327.87630174208505,230.08917210778884
274,260.0823683902866,118.84240177917731,284.23096997136724,211.81315605106346
275,231.5767729565495,111.48632273505216,326.95878209305596,232.34830268776776
276,286.5564412275793,124.9193807748483,285.6039108276065,232.14673474572146
277,247.98793395067477,171.02722345447143,329.73257474929125,250.95075534677787
278,247.95721176848537,140.90000810997904,336.2981066609641,228.44413808476023
279,253.2199450785224,101.09189462730265,323.9137757146316,245.92593389784133
280,240.97394591589844,125.95649782585294,347.9956183843007,249.61737996579092
281,258.72152624090677,155.36713609078572,321.3762564762384,227.61073655742211
282,272.76973587990767,134.92956078719055,343.2974954684578,240.0201449191178
283,250.41565150318704,154.01715161616613,318.04019606352585,249.74318781181242
284,259.4298708242116,133.01245185350191,323.8157559331903,254.02492534134794
285,254.60443590380876,130.3852152631176,332.09739686494737,232.80905001458495
286,244.10750804940582,128.64397521480234,319.23619795679485,242.48693426236923
287,259.8347741793105,135.68761300175188,326.95972583175336,255.19941401894735
288,274.14263210773095,110.23068802495575,331.3742274217608,247.58535857163136
289,264.5035519772035,116.07836306990733,390.58694037554716,266.12673959151965
290,268.58404882709885,90.53614810646066,342.6083960526315,261.43906009978025
291,298.61266881396676,134.30730295489525,332.45731521978985,257.27291450964117
292,250.80478283522316,177.36208585324005,333.19421261392455,256.8869642205392
293,288.6965344402337,147.5616839590247,346.27959036938415,276.36077416794143
294,251.7044124050849,142.15921002459092,351.7824997405832,272.2707837450182
295,277.7152558129976,114.46581336372934,372.53674692451375,271.30337219863105
296,268.8015501103885,145.98189498545307,360.87713860913027,240.16884262753143
297,255.23683008158042,152.34223375161866,318.58000876000887,237.86331246636698
298,267.28708861289465,87.87834727335076,381.36528727487274,292.01059881672484
299,254.00797829058482,129.88118274052206,346.170508374558,267.0357104479529
300,290.9111946543088,143.09654010032324,353.0215674349473,269.813613987306
301,290.39311015184114,103.64642971644409,369.4157071777844,261.87881314455467
302,239.91147093990918,107.41391005936144,379.20527859906133,280.3611774158422
303,275.8929800560311,135.80256690273933,332.9175563712958,280.81360405781066
304,273.33514393825953,143.23092097510343,395.27772816816577,287.13445207133447
305,283.69117346476656,161.47211558653498,409.38765284075157,289.41493577803845
306,246.82282183877214,111.82227658801267,359.6537462951765,266.9553180018455
307,282.57691215884836,106.14165619357678,361.4994477630088,280.4553460904977
308,251.32653186354196,120.71065624591782,359.67884957395086,281.1234096341136
309,262.68230063285404,88.82352659880763,381.4063691409244,299.9333792832642
310,265.8091854839076,152.3902011113308,396.3448750254951,304.9270939784409
311,273.93804324797554,120.47567102286695,400.42445144130033,301.86869251938435
312,298.36520085550904,167.59551063377637,383.7141130853698,302.77061238579574
313,272.82792731018867,138.40074963571325,401.9545078750743,286.6980864046105
314,292.08640720173224,90.28905982011462,394.1531163095432,313.58252306159613
315,285.1990325947943,126.3802816557625,404.2071936537982,292.8747856166772
316,278.49769975185336,140.28797511353963,379.473894484127,287.0088022516326
317,277.50980787075537,134.72016633357788,381.78082379911046,332.21057379199124
318,290.8929820270988,143.51709599155117,419.7424655111201,323.46034808821327
319,283.11017549603474,167.14396680174198,404.9004736263066,304.49003025192945
320,268.19755602093966,155.19367443484032,393.3596993754148,323.8422721507492
321,277.92201062460623,144.2811777063796,405.0197291124744,325.3086254407515
322,304.050944704944,200.86147720346534,382.3214746400303,305.55462001355136
323,284.65218324251106,143.660371391133,419.2436763317486,323.942649045814
324,272.29173872187835,149.50805033915023,428.1195586430183,327.66868513934935
325,279.62071850771923,117.26251697538788,423.7677005649874,315.7773996315897
326,267.9762224584972,164.43603430973596,432.5020886987783,331.25775654839526
327,289.1811663731487,178.6847672237828,427.891456233397,319.10554851096356
328,276.26225824894397,158.02448782189816,439.65463226370997,333.6328190195602
329,282.34291094534655,126.35462509926336,422.84322667540096,327.4543356735609
330,296.9669927983259,179.41864322378262,455.7914730047034,331.5573293238744
331,292.5356013425147,119.64867189742583,424.26545383400145,338.6761852869384
332,286.5903110331573,182.90890601917502,442.4756815666372,326.0190062321963
333,260.5296381280956,136.63466476928437,429.5125156791133,331.6746485441252
334,293.9456569548892,166.4819055783047,464.62866338700354,346.76223762161277
335,316.2190340146803,174.44345991566314,426.5048059629115,344.8152628175558
336,263.13659014912685,132.63296757016772,425.188200573532,335.94178215053273
337,314.7821016406993,161.59770486164967,488.1082466217174,354.5530616804161
338,297.320166826588,147.4946606703019,446.31177047683815,352.69498457843156
339,304.9382501130987,130.47877559872515,442.8459875176329,343.9521862207398
340,318.746324567999,106.21121557873896,478.30687254064196,349.43289238674873
341,311.7014334718803,167.28210028530702,453.6731093714617,335.84397155027995
342,309.551711529702,121.18411696573644,479.4719487007476,362.39255772344455
343,328.52720654216097,140.07691782913363,427.0401423174343,355.072891604238
344,290.7243955370503,150.6615076576815,466.0975006782296,369.949807351276
345,306.82132097374114,124.32997083850958,448.2834070679643,377.45775396762514
346,294.5467399014348,164.02379964444043,434.9689273946189,368.08922741754554
347,293.13329515510594,157.3214404202693,431.01533542975915,352.1005972386847
348,283.31263267452766,106.8452867420544,480.2209991464019,344.9271557595618
349,311.24931081255596,114.7852573666418,487.05539902349426,371.243312935508
350,290.2589588503143,180.25357676289428,462.64218574614324,377.6613515430963
351,299.1678941969459,159.33501606739807,498.5739722254821,382.2640121706108
352,298.509368010473,105.71448504701922,469.23730351518316,355.3250471706693
353,319.98241083532196,126.63084245411703,475.7012610446474,369.5829815655749
354,299.47482242349435,140.15174223910105,477.1578959724824,365.48845497370536
355,325.59416124034664,164.4945287047521,507.77585392576617,363.0523951323344
356,309.99320253488634,135.4795574786792,513.0038615944308,364.7450283036578
357,310.9701807090587,160.17145987051381,508.35432287689093,386.47437303619404
358,332.903985430334,117.31536743326049,523.4760431740592,371.72233452304584
359,323.35241151024553,121.27106547462793,492.5047466848015,390.1116965114156
360,308.8576669288434,174.28468149533757,511.0506343762186,398.53542543059103
361,311.8172926363749,137.24534590578227,522.576865846432,394.34698325129165
362,288.57704602426776,122.85527428970988,497.9893738638097,385.4811684516672
363,323.20176854783836,133.49807498126876,503.1105260554892,408.50911122395866
364,305.77588294380854,173.92767416662548,525.7279149697523,390.0662049360169
365,350.06400879344864,145.6536408388147,520.1237763037252,395.496067486191
366,317.68879047461644,166.87587086170072,530.0974041861429,418.0978100539454
367,310.97913254932405,129.6891168772484,554.089892902834,426.91722441532477
368,339.9020673684623,186.33242896200375,527.9091834159757,402.5954206231981
369,339.1774541432274,138.338883282657,524.7451930044767,391.3354235214754
370,326.1753633712538,171.61616066666932,536.9836836994375,420.334417096003
371,331.88393661415495,162.14350722718328,517.5229971442127,403.57247289458553
372,355.2850494128662,147.22100798900644,505.99367290794896,425.3391070552455
373,322.98105748004843,183.064063077566,585.8210978299827,427.9374727277863
374,321.19788285782425,182.20194877314495,539.815427894333,446.6186142514965
375,358.08387709675407,138.86765003726688,570.5538774285649,428.0585416678784
376,338.4953528509246,161.69602174088195,568.7043173319263,417.8837338802372
377,356.5475024620863,173.12192385986236,596.4061508726854,443.8372526629833
378,333.52402547917006,220.18496046705505,558.4231842242506,400.9843855860728
379,348.5212301173749,172.2744626520867,583.2296515074931,427.1651264621122
380,359.0941446836199,169.07597156618291,597.947080368416,426.8658390340489
381,325.7991384089547,167.6418346422308,588.100884070476,420.47876630514855
382,341.6100247516259,159.4950909403315,569.0651388465545,454.6584049820395
383,354.78630709074366,186.72115290576372,611.7599671301118,457.48488744306354
384,309.98275062897744,129.67472286254736,581.5028233528756,450.5402104230738
385,358.0052324354269,182.76271884131063,617.7554392248079,443.60363487186453
386,348.54199408954025,130.34462420564216,578.8135529110343,453.6628179669761
387,363.27517813335635,153.4616019317047,572.1809985399948,456.34352557878236
388,345.77273986298945,188.72593743337504,629.5427478069878,456.9449619273156
389,352.05698890148307,154.79613939726912,610.3165934726572,447.2075773863374
390,329.2037257195857,217.71138604766125,577.0513556599516,468.6509014691058
391,348.01410803749417,189.70576791853327,601.7208966909661,460.52647902925844
392,350.1707690208813,189.41088411530004,645.0394536023175,463.9982343047544
393,355.39426205090643,202.6207654340879,617.2915277655038,454.2295433392965
394,377.1159657662135,186.5846639382804,667.5746419723072,472.90691894425885
395,381.57332468934896,188.85165520979746,626.8950758045722,481.1219526326016
396,374.82335040154624,186.29586489857977,628.9381203534307,490.31513225167436
397,376.7908016063004,235.1537088535554,658.2867722380164,490.3023944534998
398,398.4154392012441,194.00008268985965,626.7037458483109,489.35210494664744
399,387.66019388952066,161.90798383505293,692.2922691305959,479.8028612446246
400,374.94139540700513,182.43800823821968,626.8511853061004,486.4698040838025
401,363.49185612328677,199.63748116556098,670.76822586921,476.7754097018783
402,356.7596625350905,193.34819907579075,657.9890648979198,487.8689315891052
403,387.84322885324553,199.75653626344368,684.5564479558685,485.92271933830614
404,390.0379292564441,159.28143842487825,671.0414513964828,488.4736541301014
405,377.23194902464854,195.1110608034962,671.0961261106163,477.0664978571306
406,417.8286937195943,185.97500368296758,667.1206513545949,493.9306069647472
407,392.25141122839295,185.65266114797768,685.2243279950784,491.69252458176464
408,384.45447594549336,208.18477785311026,678.6431141951092,494.10378353946976
409,400.59426224420014,145.54165609567423,669.1273697719282,509.88931157232867
410,395.74606701956213,176.91525645683183,679.8094293293776,478.21874578926105
411,421.86695108580926,197.19635401592885,671.9737629330141,515.0861796472515
412,404.5734226604409,168.15595217546493,699.6943779427176,512.0389014747357
413,419.1527506224657,176.00460828957625,694.0809783686343,509.3637681506662
414,407.79884779658926,217.20668582057513,708.6009745855512,514.3306633247475
415,366.64483599968514,226.29712208389407,687.6802191523478,535.6859870701433
416,388.6716177871589,181.78558020196536,708.9528528122028,524.1584711739632
417,418.94390814729104,213.74696805622844,695.2556989674484,524.9818367063768
418,381.09697730874694,232.56223719585716,706.5168168969416,511.64933663980537
419,405.805481931839,163.78765234930336,737.5761107068796,528.2431678938736
420,369.47742131090075,190.82688675400314,722.233232953782,531.9307591643511
421,360.07100088952257,223.23044173134556,715.4616090324402,559.0801182161543
422,379.91812104670913,235.36650655457152,708.3314152414634,531.0692928295358
423,380.55531699811877,189.68211934197709,708.6316643542633,531.6636186914078
424,403.38318189886655,185.21366401242696,710.8368395610046,548.5303945433404
425,413.65232374119495,234.05228343708788,736.7792546920839,530.6996593623273
426,399.65348477758704,197.71961828052997,736.4792559229733,525.1737506512661
427,405.33607796243973,181.13244807401995,742.5659326447648,554.2820136584791
428,400.1992033788227,205.0492436070662,720.9337015033959,565.2194661548705
429,398.0262232522671,268.05071862557173,732.8945215633327,565.707474224164
430,400.94985690737246,243.22502273370944,735.8114666627912,566.4619301398702
431,405.2446740783897,184.86972777422966,737.8375346503042,567.4442283312658
432,407.0963601092619,209.0098664550769,769.7030103292994,545.4801519581886
433,416.6962581480637,225.97693319670904,745.2113328738112,580.9072590629162
434,415.50930825002894,193.52257948645635,771.855535955145,578.9187053311474
435,391.9902513790007,184.74283481438223,740.283921921354,553.5434063457715
436,446.22557458607685,190.66214463375377,742.9946187846383,582.989417662015
437,393.4187578238335,195.52768496484137,762.3811530689896,578.7524462470976
438,384.17000331456074,218.32169916501633,736.945864155497,591.1805394546167
439,409.60689911842576,223.21129057643307,776.953257461488,583.8930342713197
440,399.4703248810399,214.28863879373316,740.3200933419668,578.6859749107246
441,427.9130922230769,207.91325039644897,775.7102223209268,582.1578166102041
442,437.0924575396462,196.79354228534106,790.0224314737238,606.6973236082277
443,381.01684255853786,227.96013009364307,769.7983786806384,595.1360594047501
444,435.4189706894199,238.86238835528002,790.6369523698833,616.1744850840693
445,405.6023126912742,187.05698085349192,769.1345565126377,622.5869448279738
446,407.90066540750905,174.01137400153777,809.5314882703673,617.8728265723117
447,413.79534065999553,228.5263205345152,803.4540122960851,597.3281346739869
448,403.59486787673376,185.09404217628742,794.5042075408361,613.5685809743209
449,417.4515287918777,216.2865470457678,832.157861718871,609.1959182617105
450,432.01332496850927,210.89901656197196,810.5650862763937,611.4355785870717
451,422.5544989124726,208.95889902707984,814.3367002101498,602.8186196814909
452,449.75811694042454,231.65127659791563,823.2741762792162,636.4710721107693
453,417.0958215508341,230.36172839093544,804.927617851532,622.1082371905185
454,433.64153496164306,235.95478583291236,799.4657436325455,625.8863579553002
455,439.1601460725969,174.48589840183138,831.0466984383111,611.6425201924737
456,421.7632137283092,215.51118048514988,840.5715895070485,606.386895748356
457,393.78937956217686,200.47715745096463,790.6401178274065,642.1690066460349
458,420.75237871703314,228.0324838933304,817.5386247623512,642.6374115172472
459,409.6650677631796,216.99025985327194,860.4029749127521,648.0287914002288
460,429.1162282324033,187.4998800271777,838.2665331865065,618.7672360846836
461,413.14322670128456,179.7394051369259,857.7343936422865,662.3478820185259
462,417.37278498307535,233.86282814993967,836.0134914635383,638.7755358123292
463,452.3131670755553,190.54283480612577,846.5528448777793,633.4618208107624
464,431.42937096420025,206.80631000098427,859.2946274267823,653.666957533367
465,417.5835599383497,205.40561889561377,856.479331302372,651.6779390197781
466,441.4483148624632,208.75687391209777,855.3000481677834,664.1469102005894
467,450.2201436401528,151.53036635899613,854.054252159725,642.7087552493376
468,414.82854750903493,215.63397513593839,890.9191437851508,692.8366428339677
469,439.2212715292006,191.3951412036883,860.632891512433,649.9044952646184
470,422.193841405327,161.08460628911874,862.2762014997658,667.0211897138959
471,416.01540543049674,209.8010827180574,891.6726306627736,657.2363279409461
472,451.15478672764715,248.18555789011592,867.5179347499802,669.8363769776679
473,423.13601117941334,225.34012389963377,883.6174734554542,666.7922599058955
474,445.49409788534507,204.57723126006474,890.2561708327671,691.21797972652
475,418.8693921513821,182.17948923122785,874.2906932213924,688.2138576964887
476,452.7930127354881,205.97460086517745,911.8820246612521,668.9608541477512
477,424.5146789643858,190.76889998854418,902.0505649087635,677.7076344697329
478,430.4472908900276,198.6221046762924,884.3472365575092,690.4576962257186
479,432.8907538940407,207.00134924510598,934.121576215085,688.5194982296039
480,426.6406916337303,223.12901435468183,933.4814918838656,690.6936914199885
481,439.08820736987593,191.55442201989598,909.0012730449713,678.5166611276954
482,429.98122654952766,218.2644807890779,943.4359437340826,712.8359794743069
483,454.8250317358608,208.16902026339505,932.2714174838173,700.5160147831738
484,469.3399703772054,231.53432937758305,927.1593434615647,718.341262004907
485,422.6481629241514,268.1171862423606,976.7529754794778,737.1645720890261
486,462.28302990349255,233.25304624450345,945.2968421206011,717.5614141916249
487,420.25282840744325,212.74961365632956,971.2725542714164,714.0950564624962
488,464.5188542173185,225.81591885241997,957.8773405191639,712.014371663337
489,472.3982982689715,226.2819545419859,952.9317840641288,700.6003676786482
490,431.2565271699803,202.5082198652797,974.9406386590621,739.771913936389
491,482.9182513853245,203.30906912074732,926.0319399304858,748.4380065653256
492,456.4425902222863,186.4317233191476,983.0299741024261,722.16980780736
493,455.1901302122496,205.14423680179203,942.446256981658,728.3032542003837
494,487.2788628113216,215.22216211940355,980.1794890629448,730.4586067614074
495,489.24925234797166,214.5663485723227,977.7447122119619,761.9807007458301
496,464.0931732293428,256.4702484083053,1021.3822369893528,736.77864609805
497,493.2532281511914,261.94342519744254,978.9999302860668,753.7587736292753
498,470.47398339581065,285.14826877700597,1014.49170731822,753.1994097700957
499,462.4611285385737,242.07506663408577,1027.6111370446106,746.3394904101183
500,440.92139779890505,195.10432606256867,1005.8315732863163,755.6006973462358
501,460.3580049308689,237.34876896512856,1016.9765753824784,769.8860899072013
502,474.0602879276982,251.6577926503934,961.7897798117046,763.8092308520097
503,475.1930947581873,279.5844442863268,980.458386990841,767.6924835421542
504,489.19646250060094,219.10162071358164,1038.4310979444874,771.0437567869556
505,462.85191777272127,237.74102509311564,1031.9490741052434,758.3004925224063
506,467.6855084586267,253.4795021915478,1032.290674629187,768.0394466802501
507,494.4626971319431,198.82537654038825,1026.9211279000708,769.8747445742937
508,479.77596051573505,234.71043018947447,1011.0806855559812,780.2707176397914
509,492.1252544695,251.17278242218433,1018.1106192853541,802.8457501685965
510,468.137394536264,213.473116143649,1068.9483219888532,778.2311027994252
511,478.5494204635444,247.63748415047846,1065.140314280472,800.9615958297084
512,490.30788703069715,265.19317675946894,1036.8035029330752,796.3169496375647
513,504.13787395374567,272.55006372748517,1032.7656122880455,822.9830914162684
514,511.02829767054124,279.245345183055,1079.7137350872963,788.1929427823266
515,513.5533307601324,269.0297861152176,1065.0801556856636,807.0126112446737
516,491.7322907932514,244.2823686187597,1096.6269579815294,797.3782618867177
517,519.2643621820647,243.01771423705,1063.368137819681,813.7643424494479
518,489.0247115557771,235.7567708623243,1070.6291465271515,805.9976025996864
519,503.18277995936705,268.25322106600316,1081.9645502880744,806.1142443244139
520,507.51536409400626,212.5887073927601,1115.6372571264146,831.299007126045
521,492.9627045541008,248.70371021561542,1109.5614435235507,825.3274439486848
522,478.9031889624171,286.90232766747846,1097.7321003879106,815.6144472858704
523,492.33332105052585,276.40469641834846,1090.578478200214,836.3300819881248
524,486.38096357523216,246.16950683804333,1091.9516611584797,831.3951839602772
525,474.17613666394965,237.92110289515819,1113.8731530835805,845.3530002795486
526,508.94392476066423,259.7859305434909,1097.970693601113,826.98202656355
527,499.5250842287562,228.50952034477208,1119.5985786355118,824.5721717138799
528,493.6931696763871,253.60113799698922,1156.207672134212,841.8997154758177
529,533.7677455915426,253.33608936064385,1152.9456690765846,840.118356477584
530,532.6153132181588,236.11066003085003,1152.4660447852482,841.7661715207333
531,504.8919245088447,255.3130207505271,1111.7994759288206,852.7362986907792
532,541.4405233286054,265.4693524237738,1134.0067388309642,867.410557178276
533,534.2561937507626,272.21118105245205,1149.1468209149193,849.399348365269
534,521.1907864190811,286.4590196888593,1166.426270745861,886.1827791848558
535,528.2127800749366,245.78347013324185,1177.420247308008,873.1543828997579
536,525.9452324823122,252.71849066429584,1175.7301633683794,883.9636994776756
537,524.195131139819,254.78545146594615,1160.4337478504049,893.3178665025097
538,542.3117780476053,270.1069258229361,1131.0945254981852,885.3902109920875
539,536.6330379857569,248.4500482272937,1165.3486706554834,876.6628109731823
540,555.0983833910725,279.66604656698087,1195.1978912325335,901.609605247285
541,527.1208604811242,232.10471169269545,1185.068684174418,876.4052783616613
542,549.2029860346295,296.3959751389026,1185.0910699743529,884.1797959628237
543,540.7273101656621,259.45864432281246,1193.353993873984,910.5634021714286
544,549.4220519297686,262.2044069591638,1204.7045672952668,881.6568094741497
545,539.4591565342611,245.70683208253237,1220.9612296743505,883.0084847553402
546,539.058523590307,270.4560280455321,1207.0542804873241,896.4553953602684
547,532.9629794239663,288.8282902097526,1205.689521077685,908.5130668793136
548,520.9154625625431,249.16259672550942,1195.0715158969845,916.571967179138
549,510.3358181834826,259.3872394280634,1223.6897355391088,911.1961154798481
550,493.1790443337988,253.2268763764475,1199.2187981585137,914.1069520142117
551,525.4188741418735,256.8430355301939,1204.729073004594,914.11454458714
552,535.0227275857003,269.91072585308814,1204.3354601657609,916.9320492854333
553,517.1892997050375,265.7275285071402,1216.8936994514602,931.1433011660631
554,554.1595884563565,258.1626030642228,1226.5657778374175,942.859209888883
555,528.9604535106001,312.2949012032089,1266.9973585376893,921.4352401115751
556,521.2904938053123,241.52603092978006,1253.813545022673,928.2636459358708
557,543.8106951067201,304.7880625034338,1243.9039705541938,945.5333129179477
558,536.283910760326,293.9857449928597,1262.0636057672216,912.3687893992304
559,530.0052307231085,256.216844106339,1250.0312385606292,950.4820364202632
560,555.1112675386651,294.68310845431364,1285.4543488536744,951.4873523087142
561,512.547687214242,257.2757978554982,1253.5853739116112,953.4800639849409
562,559.6667674668436,289.53050279799265,1267.4843075525678,978.8443457359722
563,551.8144717531559,273.17839867301456,1303.3728393226988,962.9512026939666
564,541.495417509997,281.2847941368598,1275.5166896327241,959.2512471236943
565,560.1456788227713,276.03432504150027,1252.634653885188,1000.3896756843848
566,536.2806501651373,248.04941589848238,1293.8444464235374,960.4795469550776
567,553.6579062333894,273.1060117083004,1303.077083179476,988.339609003095
568,546.8154120303712,274.90245720907467,1266.3721792628671,994.1989679342485
569,536.6709920924231,291.0568426719929,1287.9724094182845,982.6321637326377
570,572.214075495381,256.8381529945143,1304.9020164121703,972.7942467330759
571,557.7133645320791,276.2100772114496,1322.4781070421543,966.8832951944513
572,583.3015971466041,302.780829936,1300.9549039491012,988.9225027344346
573,542.4194454604179,272.1900832249627,1331.2496748988488,999.5010590533806
574,516.7861934645224,271.97406445349884,1321.662656518222,993.5744119091901
575,562.372196193071,288.99641218364883,1325.72551008887,1012.9114254545083
576,539.6007837654042,264.4398423831286,1304.7937567601437,1006.6141805773528
577,558.5106160563167,275.39672325384805,1345.7935168285114,989.9356215514708
578,535.2554068371477,265.2748547803146,1322.3486355240173,1029.5657610840703
579,574.657342464363,231.9547987268613,1314.485355068851,1016.5271984733697
580,555.5178255104267,303.82546823247634,1346.3185253412403,1025.820557945452
581,538.6568649924978,268.8851461276513,1352.474418829291,1016.2309995149973
582,556.0985193352008,317.7119779551038,1340.7376123739305,1040.0721801526722
583,570.4816889050654,299.16712252791314,1390.7996138808346,1063.0955767885378
584,567.2012241262876,307.30544577405095,1336.1190561369751,1045.8764449516173
585,555.8685782798636,288.39080936624094,1357.109668077764,1010.8855727520806
586,580.9782085080018,245.50328487614416,1360.8792585563565,1087.7054588958354
587,537.6167896174911,307.38238525182476,1372.2939968619228,1058.0624913540223
588,567.1011983048229,290.95292327548214,1407.9115391021166,1076.9764452101754
589,538.3448828076932,286.1752018363692,1381.154015028323,1058.9836059995457
590,565.3971357327245,285.19848371658037,1369.3243094623833,1039.48203711183
591,559.1038663694584,285.27285204525384,1392.9132140303655,1024.8134758729075
592,578.1557342280496,298.17639666171647,1402.2418692630433,1043.2745577415326
593,559.954103299664,239.0966722743392,1397.119455491184,1059.2047092824241
594,578.1899289871398,282.3180716454063,1397.6422155663977,1053.6035107204823
595,580.607512707702,276.1667222839295,1393.998749377816,1094.6113847728893
596,566.515007480845,273.3916751763014,1401.4969808413914,1079.5853020109726
597,580.9724788456998,281.23106007532573,1403.1363302896168,1078.5548917079802
598,534.4161042674076,278.52766267600543,1402.2265891796812,1097.838583819246
599,573.2333084948373,263.8881782183706,1419.1103492377688,1117.95179979267
600,591.7209538625228,252.72674912500102,1458.6228776531734,1114.8787549435428
